service_type,service_name,mean,median,std,min,max
DepthEstimation,dpt_hybrid_midas,0.8641746354103088,0.847013592720032,0.08923123542221457,0.758531332015991,1.12126159667969
ImageSegmentation,detr_resnet_50_panoptic,3.068665397167206,3.042091131210325,0.21304869607275154,2.74293875694275,3.74556446075439
ImageToText,kosmos_2_patch14_224,6.776587333679199,6.753910183906555,0.18792482040630604,6.4160840511322,7.33285784721375
ObjectDetection,detr_resnet_50,1.0104990053176879,0.9939069747924805,0.09340157426308836,0.70757794380188,1.29933929443359
ObjectDetection,yolos_tiny,0.29213989734649654,0.2885725498199465,0.03406527801144445,0.236083269119263,0.390275001525879
PromptedObjectDetection,owl_v2,7.2787704753875735,7.23732602596283,0.2463987450771271,6.77226901054382,8.09492373466492
