,count,mean,std,min,25%,50%,75%,max,median
total_time,4.0,30.66424596309662,34.10215339910703,3.313720703125,8.016138255596161,20.38036024570465,43.02846795320511,78.58254265785217,20.38036024570465
avg_time,4.0,3.0664245963096617,3.4102153399107036,0.3313720703125,0.8016138255596161,2.038036024570465,4.302846795320511,7.8582542657852175,2.038036024570465
calls_per_second,4.0,1.127301689988229,1.3205391419520816,0.127254726835958,0.27237478784617125,0.6820980971596727,1.5370249993017306,3.017755838797613,0.6820980971596727
