{
  "hits@1": 0.5639784946236559,
  "hits@3": 0.6741935483870968,
  "hits@5": 0.6806451612903226,
  "total_samples": 1860
}